iterations,if,switch
1,0.000243,0.000270
10,0.002797,0.002485
100,0.027775,0.027261
1000,0.260075,0.261464
10000,0.431544,0.425668
100000,1.368561,1.374575
1000000,8.070825,7.560718
10000000,79.199539,71.409653
