version,time
if,79.199539
switch,71.409653
